Suite/Test/Step Name,Browser,Description,Tag,Start time,End time,Duration,Status
Loyalto QA Assesment,,,,2022-09-14 00:05:11,2022-09-14 00:05:15,3.940s,PASSED
,,,,,,,
Test Cases/Loyalto QA Assesment,,,,2022-09-14 00:05:12,2022-09-14 00:05:15,3.482s,PASSED
"sendRequest(findTestObject(""GET list users""))",,,,2022-09-14 00:05:12,2022-09-14 00:05:13,1.323s,PASSED
"sendRequest(findTestObject(""GET single user""))",,,,2022-09-14 00:05:13,2022-09-14 00:05:14,0.347s,PASSED
"sendRequest(findTestObject(""PUT update""))",,,,2022-09-14 00:05:14,2022-09-14 00:05:14,0.682s,PASSED
"sendRequest(findTestObject(""POST register successful""))",,,,2022-09-14 00:05:14,2022-09-14 00:05:15,0.733s,PASSED
