Suite/Test/Step Name,Browser,Description,Tag,Start time,End time,Duration,Status
Loyalto QA Assesment,,,,2022-09-14 00:06:07,2022-09-14 00:06:11,3.949s,PASSED
,,,,,,,
Test Cases/Loyalto QA Assesment,,,,2022-09-14 00:06:08,2022-09-14 00:06:11,3.490s,PASSED
"sendRequest(findTestObject(""GET list users""))",,,,2022-09-14 00:06:08,2022-09-14 00:06:09,1.258s,PASSED
"sendRequest(findTestObject(""GET single user""))",,,,2022-09-14 00:06:09,2022-09-14 00:06:10,0.354s,PASSED
"sendRequest(findTestObject(""PUT update""))",,,,2022-09-14 00:06:10,2022-09-14 00:06:10,0.731s,PASSED
"sendRequest(findTestObject(""POST register successful""))",,,,2022-09-14 00:06:10,2022-09-14 00:06:11,0.736s,PASSED
